outlier_method,threshold,transformed,model,coeff,p_value,R2_marg,R2_cond,n_obs,error
sd,2.0,log,lmm-full,-0.036392436513542,5.085230304239183e-22,0.3431576405497271,0.5570140062675579,148433,
sd,2.0,log,lmm-intercept,-0.037608495193571616,1.2006069029892885e-107,0.3270752462435564,0.5415076167643416,148433,
sd,2.0,log,lmm-intercept-slope,-0.035609598770024446,3.3570721234717368e-99,0.3373413594971674,0.5565051233413014,148433,
sd,2.0,raw,lmm-full,-18.188145085138963,3.2361293777930423e-22,0.3329876606772402,0.5657690138050107,148433,
sd,2.0,raw,lmm-intercept,-18.670080821493862,1.0174949311892388e-99,0.3275474695839076,0.5369902107689793,148433,
sd,2.0,raw,lmm-intercept-slope,-17.625414423322542,2.3162322401977838e-91,0.32655882267791875,0.5670894552973952,148433,
sd,3.0,log,lmm-full,-0.03423467872708352,1.9943678265455993e-19,0.3082755555333194,0.5007033504964902,154173,
sd,3.0,log,lmm-intercept,-0.03525153188464744,7.325300277389733e-80,0.2940102336211723,0.48644088989709156,154173,
sd,3.0,log,lmm-intercept-slope,-0.03337909385915875,2.830324007824779e-73,0.3034114195605014,0.5006633021674186,154173,
sd,3.0,raw,lmm-full,-17.032340722391062,1.412185724549109e-18,0.293248328076934,0.5001466936306025,154173,
sd,3.0,raw,lmm-intercept,-17.487898333881386,1.4255495399724775e-69,0.28739368898863915,0.47323646655376234,154173,
sd,3.0,raw,lmm-intercept-slope,-16.497023108680793,2.5356096701336896e-63,0.28832079304757763,0.5015111605190552,154173,
accuracy,0.6,log,lmm-full,-0.0182803255708744,2.1064762257797833e-08,0.2224006172729781,0.35327672580027414,185628,
accuracy,0.6,log,lmm-intercept,-0.01831796174447387,3.5370855488257007e-19,0.2148809235173216,0.3490283030512196,185628,
accuracy,0.6,log,lmm-intercept-slope,-0.018336100866524523,2.2772648912997e-19,0.22020620513815,0.35448579473710606,185628,
accuracy,0.6,raw,lmm-full,-9.355839447698093,1.7505809289107992e-08,0.21736927135940665,0.3640786598541257,185628,
accuracy,0.6,raw,lmm-intercept,-9.325124089594574,2.4901555032855616e-18,0.21324412873402301,0.34869087877698846,185628,
accuracy,0.6,raw,lmm-intercept-slope,-9.328486815168688,1.6741651088661116e-18,0.21525583286297928,0.3656633157121327,185628,
accuracy,0.7,log,lmm-full,-0.01845870137957334,2.1685623318381515e-08,0.22341021079607878,0.3525788844944828,182466,
accuracy,0.7,log,lmm-intercept,-0.018452352219781823,1.7325499510347923e-19,0.21554285136616114,0.3486951525807983,182466,
accuracy,0.7,log,lmm-intercept-slope,-0.018461538657150927,1.146131247377898e-19,0.22108217030148353,0.3539115292412516,182466,
accuracy,0.7,raw,lmm-full,-9.519839722368596,1.5147349403249508e-08,0.21771364994455716,0.36286207966591744,182466,
accuracy,0.7,raw,lmm-intercept,-9.466274305891574,9.335361966516667e-19,0.21354516309524096,0.34692518231640007,182466,
accuracy,0.7,raw,lmm-intercept-slope,-9.466091328963337,6.365188977347969e-19,0.21555672586944633,0.3643751397787146,182466,
accuracy,0.8,log,lmm-full,-0.019503611636549664,2.3698314301975262e-08,0.230894823555482,0.3593683541705814,167193,
accuracy,0.8,log,lmm-intercept,-0.01954259111160135,3.642567615820859e-21,0.22249633739396985,0.3548480055044328,167193,
accuracy,0.8,log,lmm-intercept-slope,-0.019538562713275545,2.410737118764852e-21,0.2284903725681983,0.3599757866525793,167193,
accuracy,0.8,raw,lmm-full,-10.03448358743216,2.389343185401825e-08,0.22233896421696203,0.36718934731599573,167193,
accuracy,0.8,raw,lmm-intercept,-10.006599290013497,7.809950974705973e-20,0.21779920227401672,0.351042023558443,167193,
accuracy,0.8,raw,lmm-intercept-slope,-10.005362533112674,5.159805200078999e-20,0.21998022277144555,0.3685390120546356,167193,
no-filter,,log,lmm-full,-0.01832243679404621,1.7447047296488378e-08,0.22173909161692246,0.42187951587077094,192713,
no-filter,,log,lmm-intercept,-0.018137103517028262,5.444716168287605e-18,0.21998077220191525,0.4030364059244793,192713,
no-filter,,log,lmm-intercept-slope,-0.01824871916742306,2.3576489333998353e-18,0.2204680673712201,0.421285067017253,192713,
no-filter,,raw,lmm-full,-9.237241121486557,1.5843034647015503e-08,0.21886841954495032,0.4076656506676577,192713,
no-filter,,raw,lmm-intercept,-9.133774074405347,1.4633760033285152e-17,0.21816329359508482,0.3829133749851945,192713,
no-filter,,raw,lmm-intercept-slope,-9.183570001580724,6.611347154556652e-18,0.21708214788335992,0.40851386001278084,192713,
